change_id,timestamp,system_id,user_id,change_type,change_summary,workflow_id
C001,2026-03-02T10:15:00Z,SYS02,U012,FirewallRuleUpdate,Updated outbound rule for DMZ servers,WF001
C002,2026-03-03T09:00:00Z,SYS01,U007,AlertThresholdChange,Adjusted CPU alert thresholds,WF002
C003,2026-03-04T11:30:00Z,SYS04,U007,VPNAccessPolicyChange,Added new VPN group for contractors,WF003
C004,2026-03-05T14:45:00Z,SYS03,U001,ConfigTemplateUpdate,Updated router template,WF004
C005,2026-03-06T16:00:00Z,SYS05,U014,LogRetentionChange,Extended log retention from 30 to 90 days,WF005
C006,2026-03-07T13:20:00Z,SYS02,U013,FirewallRuleUpdate,Blocked deprecated protocol,WF006
C007,2026-03-08T09:10:00Z,SYS01,U008,AlertRoutingChange,Changed escalation path for P1 alerts,WF007
C008,2026-03-09T08:30:00Z,SYS04,U011,VPNAccessPolicyChange,Enabled split tunneling for pilot group,WF013
C009,2026-03-10T12:00:00Z,SYS02,U016,FirewallRuleUpdate,Finance user modified firewall rule with no ticket,
C010,2026-03-11T15:25:00Z,SYS08,U023,AdminRoleAssignment,HR user granted admin role to self,WF014
C011,2026-03-12T10:05:00Z,SYS04,U020,VPNAccessPolicyChange,Sales engineer changed VPN policy without approval,WF016
C012,2026-03-13T17:40:00Z,SYS01,U010,AlertThresholdChange,Increased threshold for disk alerts,WF008
C013,2026-03-14T09:55:00Z,SYS05,U029,LogRetentionChange,Shortened retention for security logs,WF009
C014,2026-03-15T11:05:00Z,SYS07,U018,BillingConfigChange,Updated billing connector timeout,WF010
C015,2026-03-16T08:45:00Z,SYS02,U015,FirewallRuleUpdate,Emergency block for malicious IP range,WF011
C016,2026-03-17T19:00:00Z,SYS02,U015,FirewallRuleUpdate,Emergency unblock after incident resolved,WF012